{
    "Min": 1.049886323432629e-06,
    "Max": 0.415917572704385,
    "Mean": 0.05704554621088118,
    "Std": 0.04417330215024708
}