{
    "Min": 1.1521255641334582e-06,
    "Max": 0.2969059868373758,
    "Mean": 0.06277192501569795,
    "Std": 0.045401073311152985
}