{
    "Min": 6.4738071679656845e-06,
    "Max": 0.8374527078973389,
    "Mean": 0.15238125837121042,
    "Std": 0.08617989201748304
}