{
    "Min": 3.409237733227121e-05,
    "Max": 3.1932604913890117,
    "Mean": 0.42607796108437723,
    "Std": 0.44321958123642735
}