{
    "Min": 6.708314904996129e-05,
    "Max": 1.802652778990799,
    "Mean": 0.47730876007421585,
    "Std": 0.37137543802056594
}