{
    "max": 0.2220972129440045,
    "min": 2.8512804724893154e-05,
    "mean": 0.06725571445283242,
    "std": 0.056417484558278365,
    "var": 0.0031829325638835777
}