count,mean,std,min,max
149987,0.07335055430407662,0.7803761875795047,-32.476419005539526,0.9165711432695389
