count,mean,std,min,max
149773,0.07198656574219871,0.886190310401278,-16.505392216339544,0.9746609768179599
