count,mean,std,min,max
149977,0.07471564544711283,0.64304510016995,-28.147311134731698,1.0149817815946778
