{
  "obs_seen": 149977,
  "obs_dim": 90,
  "obs_hist_sample_count": 20000,
  "obs_hist_bins": 40,
  "obs_hist_max_dims": 256,
  "reward_seen": 149977,
  "reward_min": -28.147311134731698,
  "reward_max": 1.0149817815946778,
  "reward_mean": 0.07471564544711283
}