#Start,Scaling
0.0,1.0000000000000004
96.0,0.9500000000000004
