{
    "Min": 4.0178283402159e-05,
    "Max": 0.7578320825439009,
    "Mean": 0.1550674991975852,
    "Std": 0.08849856852401937
}