epoch;loss;lr;val_loss
0;0.020162804052233696;0.01;0.0028288925532251596
