# Start, Sector
0.0,0.718394780287091
200.0,0.7414499323704747
400.0,0.7111898675016664
600.0,0.860440726701243
800.0,0.7152782727027033
