{
    "max": 0.6522419047689886,
    "min": 5.1000000000023256e-05,
    "mean": 0.2304454852190674,
    "std": 0.165838991826516,
    "var": 0.027502571210035243
}