# Start, Sector
0.0,1.01
200.0,0.9000000000000001
400.0,0.8400000000000001
600.0,0.7
700.0,0.7
780.0,0.78
